channel,min,max,mean,std,skew,kurtosis,peak,n_abs_ge_6g,frac_abs_ge_6g
x_W,-1.723,4.07,0.9529886552781428,0.1870687995074964,-0.28101886137214355,16.932103740980054,4.07,0,0.0
y_W,-4.879,4.289,0.04875638414367061,0.2990507775316574,-0.06329998224760125,8.39392470294266,4.879,0,0.0
z_W,-3.012,2.57,0.07654327639071395,0.2365193300131493,-0.7308577794194356,6.267020245932898,3.012,0,0.0
x_rL,-5.523,7.996,1.0233590889180904,0.4386553316172797,5.086640488360945,59.69599761063421,7.996,183,0.0010019710906701707
y_rL,-7.383,7.426,-0.038676303109943064,0.4894505497190081,-2.4330484594279502,34.686191030235314,7.426,41,0.00022448532632501095
z_rL,-6.004,7.004,0.10770799934296978,0.38141309534493395,1.8839676676731194,31.55521582167846,7.004,8,4.3802014892685065e-05
x_rH,-8.0,7.801,-0.689460720543145,0.5282102307161491,-0.6985659419675745,21.414322105130104,8.0,77,0.0004215943933420937
y_rH,-6.348,7.813,0.024267635786246168,0.6507329333679651,1.0813493721370138,11.30815179177506,7.813,82,0.0004489706526500219
z_rH,-4.113,7.996,-0.054874074682435395,0.5913665978303463,1.688064471339632,11.636838327770928,7.996,51,0.00027923784494086727
x_lL,-3.609,7.996,1.0248852113447218,0.43627791610058514,5.176565908521737,56.69917167290744,7.996,170,0.0009307928164695576
y_lL,-6.789,7.633,0.059877222952255796,0.4917225545378727,2.085119005246986,32.49121814149258,7.633,40,0.0002190100744634253
z_lL,-5.41,6.934,0.07386115856329391,0.3698989588725002,1.5204455595634827,29.05453711945394,6.934,3,1.6425755584756898e-05
x_lH,-8.0,6.602,-0.6457439553219448,0.5624926209973751,-0.768095793774595,17.368481350651187,8.0,55,0.0003011388523872098
y_lH,-7.969,6.641,0.0160224759088918,0.6877484807232426,-1.2947483060044336,10.649765119181959,7.969,81,0.00044349540078843626
z_lH,-5.633,7.996,-0.11112446342531757,0.639336351555948,1.4415867418764523,8.762292536742175,7.996,37,0.0002025843188786684
