subject_key,total,Left Back Kick,Left Front Kick,Left Roundhouse Kick,Left Side Kick,Right Back Kick,Right Front Kick,Right Roundhouse Kick,Right Side Kick
kick_1,54,0,5,6,10,8,7,9,9
kick_2,38,6,6,6,5,5,4,3,3
kick_3,46,5,6,6,4,6,6,6,7
kick_4,42,6,3,6,5,6,6,5,5
kick_5,44,6,6,6,5,6,6,6,3
kick_6,43,6,6,4,5,6,6,4,6
kick_7,37,4,4,4,4,4,6,6,5
kick_8,36,4,4,4,4,5,4,5,6
kick_9,37,5,4,4,5,4,6,5,4
kick_10,39,5,5,5,4,5,5,5,5
kick_11,44,6,6,6,6,6,5,4,5
kick_12,40,5,5,5,5,5,5,5,5
kick_13,48,6,6,6,6,6,6,6,6
kick_14,41,5,5,5,5,5,6,5,5
kick_15,46,6,6,6,5,6,6,5,6
kick_16,47,6,6,6,6,6,6,5,6
kick_17,40,5,5,5,5,5,5,5,5
kick_18,37,5,5,5,5,5,2,5,5
kick_19,24,2,3,6,4,2,4,1,2
kick_20,28,5,6,1,1,4,3,5,3
