subject_key,total,Left High Block,Left Low Block,Left Middle Block,Left Straight Punch,Right High Block,Right Low Block,Right Middle Block,Right Straight Punch
punch_0,48,6,6,6,6,6,6,6,6
punch_1,46,5,6,6,6,6,6,5,6
punch_2,48,6,6,6,6,6,6,6,6
punch_3,48,6,6,6,6,6,6,6,6
punch_4,46,6,6,6,6,4,6,6,6
punch_5,45,6,5,6,6,4,6,6,6
punch_6,48,6,6,6,6,6,6,6,6
punch_7,48,6,6,6,6,6,6,6,6
punch_8,47,6,6,6,6,6,6,5,6
punch_9,48,6,6,6,6,6,6,6,6
punch_10,48,6,6,6,6,6,6,6,6
punch_11,48,6,6,6,6,6,6,6,6
punch_12,48,6,6,6,6,6,6,6,6
punch_13,47,6,6,5,6,6,6,6,6
punch_14,48,6,6,6,6,6,6,6,6
