fold,best_params
0,"{'max_depth': None, 'min_samples_split': 5, 'n_estimators': 200}"
1,"{'max_depth': None, 'min_samples_split': 5, 'n_estimators': 200}"
2,"{'max_depth': None, 'min_samples_split': 2, 'n_estimators': 200}"
3,"{'max_depth': None, 'min_samples_split': 5, 'n_estimators': 200}"
4,"{'max_depth': 8, 'min_samples_split': 2, 'n_estimators': 100}"
5,"{'max_depth': 16, 'min_samples_split': 2, 'n_estimators': 100}"
6,"{'max_depth': 16, 'min_samples_split': 2, 'n_estimators': 200}"
7,"{'max_depth': 16, 'min_samples_split': 2, 'n_estimators': 100}"
8,"{'max_depth': None, 'min_samples_split': 2, 'n_estimators': 100}"
9,"{'max_depth': 16, 'min_samples_split': 2, 'n_estimators': 200}"
