,precision,recall,f1-score,support
Left Front Kick,0.8348623853211009,0.8921568627450981,0.8625592417061612,102.0
Right Front Kick,0.8217821782178217,0.7980769230769231,0.8097560975609757,104.0
Left Roundhouse Kick,0.7352941176470589,0.7352941176470589,0.7352941176470589,102.0
Right Roundhouse Kick,0.7281553398058253,0.75,0.7389162561576355,100.0
Left Side Kick,0.8777777777777778,0.797979797979798,0.8359788359788359,99.0
Right Side Kick,0.8571428571428571,0.8316831683168316,0.8442211055276382,101.0
Left Back Kick,0.9090909090909091,0.9183673469387755,0.9137055837563451,98.0
Right Back Kick,0.8807339449541285,0.9142857142857143,0.897196261682243,105.0
Left Straight Punch,0.7094017094017094,0.9222222222222223,0.8019323671497585,90.0
Right Straight Punch,0.7889908256880734,0.9555555555555556,0.864321608040201,90.0
Left High Block,0.9428571428571428,0.7415730337078652,0.8301886792452831,89.0
Right High Block,0.8717948717948718,0.7906976744186046,0.8292682926829268,86.0
Left Middle Block,0.8769230769230769,0.6404494382022472,0.7402597402597403,89.0
Right Middle Block,0.7526881720430108,0.7954545454545454,0.7734806629834254,88.0
Left Low Block,0.8421052631578947,0.898876404494382,0.8695652173913043,89.0
Right Low Block,0.9285714285714286,0.8666666666666667,0.896551724137931,90.0
accuracy,0.828515111695138,0.828515111695138,0.828515111695138,0.828515111695138
macro avg,0.834885750024668,0.828083716982018,0.8276997369942165,1522.0
weighted avg,0.8344426600037151,0.828515111695138,0.8278984176462836,1522.0
