id,label
Left Front Kick_1_0,Left Front Kick
Left Front Kick_1_1,Left Front Kick
Left Front Kick_1_2,Left Front Kick
Left Front Kick_1_3,Left Front Kick
Left Front Kick_1_4,Left Front Kick
Left Front Kick_2_0,Left Front Kick
Left Front Kick_2_1,Left Front Kick
Left Front Kick_2_2,Left Front Kick
Left Front Kick_2_3,Left Front Kick
Left Front Kick_2_4,Left Front Kick
Left Front Kick_2_5,Left Front Kick
Left Front Kick_3_0,Left Front Kick
Left Front Kick_3_1,Left Front Kick
Left Front Kick_3_2,Left Front Kick
Left Front Kick_3_3,Left Front Kick
Left Front Kick_3_4,Left Front Kick
Left Front Kick_3_5,Left Front Kick
Left Front Kick_4_0,Left Front Kick
Left Front Kick_4_1,Left Front Kick
Left Front Kick_4_2,Left Front Kick
Left Front Kick_5_0,Left Front Kick
Left Front Kick_5_1,Left Front Kick
Left Front Kick_5_2,Left Front Kick
Left Front Kick_5_3,Left Front Kick
Left Front Kick_5_4,Left Front Kick
Left Front Kick_5_5,Left Front Kick
Left Front Kick_6_0,Left Front Kick
Left Front Kick_6_1,Left Front Kick
Left Front Kick_6_2,Left Front Kick
Left Front Kick_6_3,Left Front Kick
Left Front Kick_6_4,Left Front Kick
Left Front Kick_6_5,Left Front Kick
Left Front Kick_7_0,Left Front Kick
Left Front Kick_7_1,Left Front Kick
Left Front Kick_7_2,Left Front Kick
Left Front Kick_7_3,Left Front Kick
Left Front Kick_8_0,Left Front Kick
Left Front Kick_8_1,Left Front Kick
Left Front Kick_8_2,Left Front Kick
Left Front Kick_8_3,Left Front Kick
Left Front Kick_9_0,Left Front Kick
Left Front Kick_9_1,Left Front Kick
Left Front Kick_9_2,Left Front Kick
Left Front Kick_9_3,Left Front Kick
Left Front Kick_10_0,Left Front Kick
Left Front Kick_10_1,Left Front Kick
Left Front Kick_10_2,Left Front Kick
Left Front Kick_10_3,Left Front Kick
Left Front Kick_10_4,Left Front Kick
Left Front Kick_11_0,Left Front Kick
Left Front Kick_11_1,Left Front Kick
Left Front Kick_11_2,Left Front Kick
Left Front Kick_11_3,Left Front Kick
Left Front Kick_11_4,Left Front Kick
Left Front Kick_11_5,Left Front Kick
Left Front Kick_12_0,Left Front Kick
Left Front Kick_12_1,Left Front Kick
Left Front Kick_12_2,Left Front Kick
Left Front Kick_12_3,Left Front Kick
Left Front Kick_12_4,Left Front Kick
Left Front Kick_13_0,Left Front Kick
Left Front Kick_13_1,Left Front Kick
Left Front Kick_13_2,Left Front Kick
Left Front Kick_13_3,Left Front Kick
Left Front Kick_13_4,Left Front Kick
Left Front Kick_13_5,Left Front Kick
Left Front Kick_14_0,Left Front Kick
Left Front Kick_14_1,Left Front Kick
Left Front Kick_14_2,Left Front Kick
Left Front Kick_14_3,Left Front Kick
Left Front Kick_14_4,Left Front Kick
Left Front Kick_15_0,Left Front Kick
Left Front Kick_15_1,Left Front Kick
Left Front Kick_15_2,Left Front Kick
Left Front Kick_15_3,Left Front Kick
Left Front Kick_15_4,Left Front Kick
Left Front Kick_15_5,Left Front Kick
Left Front Kick_16_0,Left Front Kick
Left Front Kick_16_1,Left Front Kick
Left Front Kick_16_2,Left Front Kick
Left Front Kick_16_3,Left Front Kick
Left Front Kick_16_4,Left Front Kick
Left Front Kick_16_5,Left Front Kick
Left Front Kick_17_0,Left Front Kick
Left Front Kick_17_1,Left Front Kick
Left Front Kick_17_2,Left Front Kick
Left Front Kick_17_3,Left Front Kick
Left Front Kick_17_4,Left Front Kick
Left Front Kick_18_0,Left Front Kick
Left Front Kick_18_1,Left Front Kick
Left Front Kick_18_2,Left Front Kick
Left Front Kick_18_3,Left Front Kick
Left Front Kick_18_4,Left Front Kick
Left Front Kick_19_0,Left Front Kick
Left Front Kick_19_1,Left Front Kick
Left Front Kick_19_2,Left Front Kick
Left Front Kick_20_0,Left Front Kick
Left Front Kick_20_1,Left Front Kick
Left Front Kick_20_2,Left Front Kick
Left Front Kick_20_3,Left Front Kick
Left Front Kick_20_4,Left Front Kick
Left Front Kick_20_5,Left Front Kick
Right Front Kick_1_0,Right Front Kick
Right Front Kick_1_1,Right Front Kick
Right Front Kick_1_2,Right Front Kick
Right Front Kick_1_3,Right Front Kick
Right Front Kick_1_4,Right Front Kick
Right Front Kick_1_5,Right Front Kick
Right Front Kick_1_6,Right Front Kick
Right Front Kick_2_0,Right Front Kick
Right Front Kick_2_1,Right Front Kick
Right Front Kick_2_2,Right Front Kick
Right Front Kick_2_3,Right Front Kick
Right Front Kick_3_0,Right Front Kick
Right Front Kick_3_1,Right Front Kick
Right Front Kick_3_2,Right Front Kick
Right Front Kick_3_3,Right Front Kick
Right Front Kick_3_4,Right Front Kick
Right Front Kick_3_5,Right Front Kick
Right Front Kick_4_0,Right Front Kick
Right Front Kick_4_1,Right Front Kick
Right Front Kick_4_2,Right Front Kick
Right Front Kick_4_3,Right Front Kick
Right Front Kick_4_4,Right Front Kick
Right Front Kick_4_5,Right Front Kick
Right Front Kick_5_0,Right Front Kick
Right Front Kick_5_1,Right Front Kick
Right Front Kick_5_2,Right Front Kick
Right Front Kick_5_3,Right Front Kick
Right Front Kick_5_4,Right Front Kick
Right Front Kick_5_5,Right Front Kick
Right Front Kick_6_0,Right Front Kick
Right Front Kick_6_1,Right Front Kick
Right Front Kick_6_2,Right Front Kick
Right Front Kick_6_3,Right Front Kick
Right Front Kick_6_4,Right Front Kick
Right Front Kick_6_5,Right Front Kick
Right Front Kick_7_0,Right Front Kick
Right Front Kick_7_1,Right Front Kick
Right Front Kick_7_2,Right Front Kick
Right Front Kick_7_3,Right Front Kick
Right Front Kick_7_4,Right Front Kick
Right Front Kick_7_5,Right Front Kick
Right Front Kick_8_0,Right Front Kick
Right Front Kick_8_1,Right Front Kick
Right Front Kick_8_2,Right Front Kick
Right Front Kick_8_3,Right Front Kick
Right Front Kick_9_0,Right Front Kick
Right Front Kick_9_1,Right Front Kick
Right Front Kick_9_2,Right Front Kick
Right Front Kick_9_3,Right Front Kick
Right Front Kick_9_4,Right Front Kick
Right Front Kick_9_5,Right Front Kick
Right Front Kick_10_0,Right Front Kick
Right Front Kick_10_1,Right Front Kick
Right Front Kick_10_2,Right Front Kick
Right Front Kick_10_3,Right Front Kick
Right Front Kick_10_4,Right Front Kick
Right Front Kick_11_0,Right Front Kick
Right Front Kick_11_1,Right Front Kick
Right Front Kick_11_2,Right Front Kick
Right Front Kick_11_3,Right Front Kick
Right Front Kick_11_4,Right Front Kick
Right Front Kick_12_0,Right Front Kick
Right Front Kick_12_1,Right Front Kick
Right Front Kick_12_2,Right Front Kick
Right Front Kick_12_3,Right Front Kick
Right Front Kick_12_4,Right Front Kick
Right Front Kick_13_0,Right Front Kick
Right Front Kick_13_1,Right Front Kick
Right Front Kick_13_2,Right Front Kick
Right Front Kick_13_3,Right Front Kick
Right Front Kick_13_4,Right Front Kick
Right Front Kick_13_5,Right Front Kick
Right Front Kick_14_0,Right Front Kick
Right Front Kick_14_1,Right Front Kick
Right Front Kick_14_2,Right Front Kick
Right Front Kick_14_3,Right Front Kick
Right Front Kick_14_4,Right Front Kick
Right Front Kick_14_5,Right Front Kick
Right Front Kick_15_0,Right Front Kick
Right Front Kick_15_1,Right Front Kick
Right Front Kick_15_2,Right Front Kick
Right Front Kick_15_3,Right Front Kick
Right Front Kick_15_4,Right Front Kick
Right Front Kick_15_5,Right Front Kick
Right Front Kick_16_0,Right Front Kick
Right Front Kick_16_1,Right Front Kick
Right Front Kick_16_2,Right Front Kick
Right Front Kick_16_3,Right Front Kick
Right Front Kick_16_4,Right Front Kick
Right Front Kick_16_5,Right Front Kick
Right Front Kick_17_0,Right Front Kick
Right Front Kick_17_1,Right Front Kick
Right Front Kick_17_2,Right Front Kick
Right Front Kick_17_3,Right Front Kick
Right Front Kick_17_4,Right Front Kick
Right Front Kick_18_0,Right Front Kick
Right Front Kick_18_1,Right Front Kick
Right Front Kick_19_0,Right Front Kick
Right Front Kick_19_1,Right Front Kick
Right Front Kick_19_2,Right Front Kick
Right Front Kick_19_3,Right Front Kick
Right Front Kick_20_0,Right Front Kick
Right Front Kick_20_1,Right Front Kick
Right Front Kick_20_2,Right Front Kick
Left Back Kick_2_0,Left Back Kick
Left Back Kick_2_1,Left Back Kick
Left Back Kick_2_2,Left Back Kick
Left Back Kick_2_3,Left Back Kick
Left Back Kick_2_4,Left Back Kick
Left Back Kick_2_5,Left Back Kick
Left Back Kick_3_0,Left Back Kick
Left Back Kick_3_1,Left Back Kick
Left Back Kick_3_2,Left Back Kick
Left Back Kick_3_3,Left Back Kick
Left Back Kick_3_4,Left Back Kick
Left Back Kick_4_0,Left Back Kick
Left Back Kick_4_1,Left Back Kick
Left Back Kick_4_2,Left Back Kick
Left Back Kick_4_3,Left Back Kick
Left Back Kick_4_4,Left Back Kick
Left Back Kick_4_5,Left Back Kick
Left Back Kick_5_0,Left Back Kick
Left Back Kick_5_1,Left Back Kick
Left Back Kick_5_2,Left Back Kick
Left Back Kick_5_3,Left Back Kick
Left Back Kick_5_4,Left Back Kick
Left Back Kick_5_5,Left Back Kick
Left Back Kick_6_0,Left Back Kick
Left Back Kick_6_1,Left Back Kick
Left Back Kick_6_2,Left Back Kick
Left Back Kick_6_3,Left Back Kick
Left Back Kick_6_4,Left Back Kick
Left Back Kick_6_5,Left Back Kick
Left Back Kick_7_0,Left Back Kick
Left Back Kick_7_1,Left Back Kick
Left Back Kick_7_2,Left Back Kick
Left Back Kick_7_3,Left Back Kick
Left Back Kick_8_0,Left Back Kick
Left Back Kick_8_1,Left Back Kick
Left Back Kick_8_2,Left Back Kick
Left Back Kick_8_3,Left Back Kick
Left Back Kick_9_0,Left Back Kick
Left Back Kick_9_1,Left Back Kick
Left Back Kick_9_2,Left Back Kick
Left Back Kick_9_3,Left Back Kick
Left Back Kick_9_4,Left Back Kick
Left Back Kick_10_0,Left Back Kick
Left Back Kick_10_1,Left Back Kick
Left Back Kick_10_2,Left Back Kick
Left Back Kick_10_3,Left Back Kick
Left Back Kick_10_4,Left Back Kick
Left Back Kick_11_0,Left Back Kick
Left Back Kick_11_1,Left Back Kick
Left Back Kick_11_2,Left Back Kick
Left Back Kick_11_3,Left Back Kick
Left Back Kick_11_4,Left Back Kick
Left Back Kick_11_5,Left Back Kick
Left Back Kick_12_0,Left Back Kick
Left Back Kick_12_1,Left Back Kick
Left Back Kick_12_2,Left Back Kick
Left Back Kick_12_3,Left Back Kick
Left Back Kick_12_4,Left Back Kick
Left Back Kick_13_0,Left Back Kick
Left Back Kick_13_1,Left Back Kick
Left Back Kick_13_2,Left Back Kick
Left Back Kick_13_3,Left Back Kick
Left Back Kick_13_4,Left Back Kick
Left Back Kick_13_5,Left Back Kick
Left Back Kick_14_0,Left Back Kick
Left Back Kick_14_1,Left Back Kick
Left Back Kick_14_2,Left Back Kick
Left Back Kick_14_3,Left Back Kick
Left Back Kick_14_4,Left Back Kick
Left Back Kick_15_0,Left Back Kick
Left Back Kick_15_1,Left Back Kick
Left Back Kick_15_2,Left Back Kick
Left Back Kick_15_3,Left Back Kick
Left Back Kick_15_4,Left Back Kick
Left Back Kick_15_5,Left Back Kick
Left Back Kick_16_0,Left Back Kick
Left Back Kick_16_1,Left Back Kick
Left Back Kick_16_2,Left Back Kick
Left Back Kick_16_3,Left Back Kick
Left Back Kick_16_4,Left Back Kick
Left Back Kick_16_5,Left Back Kick
Left Back Kick_17_0,Left Back Kick
Left Back Kick_17_1,Left Back Kick
Left Back Kick_17_2,Left Back Kick
Left Back Kick_17_3,Left Back Kick
Left Back Kick_17_4,Left Back Kick
Left Back Kick_18_0,Left Back Kick
Left Back Kick_18_1,Left Back Kick
Left Back Kick_18_2,Left Back Kick
Left Back Kick_18_3,Left Back Kick
Left Back Kick_18_4,Left Back Kick
Left Back Kick_19_0,Left Back Kick
Left Back Kick_19_1,Left Back Kick
Left Back Kick_20_0,Left Back Kick
Left Back Kick_20_1,Left Back Kick
Left Back Kick_20_2,Left Back Kick
Left Back Kick_20_3,Left Back Kick
Left Back Kick_20_4,Left Back Kick
Right Back Kick_1_0,Right Back Kick
Right Back Kick_1_1,Right Back Kick
Right Back Kick_1_2,Right Back Kick
Right Back Kick_1_3,Right Back Kick
Right Back Kick_1_4,Right Back Kick
Right Back Kick_1_5,Right Back Kick
Right Back Kick_1_6,Right Back Kick
Right Back Kick_1_7,Right Back Kick
Right Back Kick_2_0,Right Back Kick
Right Back Kick_2_1,Right Back Kick
Right Back Kick_2_2,Right Back Kick
Right Back Kick_2_3,Right Back Kick
Right Back Kick_2_4,Right Back Kick
Right Back Kick_3_0,Right Back Kick
Right Back Kick_3_1,Right Back Kick
Right Back Kick_3_2,Right Back Kick
Right Back Kick_3_3,Right Back Kick
Right Back Kick_3_4,Right Back Kick
Right Back Kick_3_5,Right Back Kick
Right Back Kick_4_0,Right Back Kick
Right Back Kick_4_1,Right Back Kick
Right Back Kick_4_2,Right Back Kick
Right Back Kick_4_3,Right Back Kick
Right Back Kick_4_4,Right Back Kick
Right Back Kick_4_5,Right Back Kick
Right Back Kick_5_0,Right Back Kick
Right Back Kick_5_1,Right Back Kick
Right Back Kick_5_2,Right Back Kick
Right Back Kick_5_3,Right Back Kick
Right Back Kick_5_4,Right Back Kick
Right Back Kick_5_5,Right Back Kick
Right Back Kick_6_0,Right Back Kick
Right Back Kick_6_1,Right Back Kick
Right Back Kick_6_2,Right Back Kick
Right Back Kick_6_3,Right Back Kick
Right Back Kick_6_4,Right Back Kick
Right Back Kick_6_5,Right Back Kick
Right Back Kick_7_0,Right Back Kick
Right Back Kick_7_1,Right Back Kick
Right Back Kick_7_2,Right Back Kick
Right Back Kick_7_3,Right Back Kick
Right Back Kick_8_0,Right Back Kick
Right Back Kick_8_1,Right Back Kick
Right Back Kick_8_2,Right Back Kick
Right Back Kick_8_3,Right Back Kick
Right Back Kick_8_4,Right Back Kick
Right Back Kick_9_0,Right Back Kick
Right Back Kick_9_1,Right Back Kick
Right Back Kick_9_2,Right Back Kick
Right Back Kick_9_3,Right Back Kick
Right Back Kick_10_0,Right Back Kick
Right Back Kick_10_1,Right Back Kick
Right Back Kick_10_2,Right Back Kick
Right Back Kick_10_3,Right Back Kick
Right Back Kick_10_4,Right Back Kick
Right Back Kick_11_0,Right Back Kick
Right Back Kick_11_1,Right Back Kick
Right Back Kick_11_2,Right Back Kick
Right Back Kick_11_3,Right Back Kick
Right Back Kick_11_4,Right Back Kick
Right Back Kick_11_5,Right Back Kick
Right Back Kick_12_0,Right Back Kick
Right Back Kick_12_1,Right Back Kick
Right Back Kick_12_2,Right Back Kick
Right Back Kick_12_3,Right Back Kick
Right Back Kick_12_4,Right Back Kick
Right Back Kick_13_0,Right Back Kick
Right Back Kick_13_1,Right Back Kick
Right Back Kick_13_2,Right Back Kick
Right Back Kick_13_3,Right Back Kick
Right Back Kick_13_4,Right Back Kick
Right Back Kick_13_5,Right Back Kick
Right Back Kick_14_0,Right Back Kick
Right Back Kick_14_1,Right Back Kick
Right Back Kick_14_2,Right Back Kick
Right Back Kick_14_3,Right Back Kick
Right Back Kick_14_4,Right Back Kick
Right Back Kick_15_0,Right Back Kick
Right Back Kick_15_1,Right Back Kick
Right Back Kick_15_2,Right Back Kick
Right Back Kick_15_3,Right Back Kick
Right Back Kick_15_4,Right Back Kick
Right Back Kick_15_5,Right Back Kick
Right Back Kick_16_0,Right Back Kick
Right Back Kick_16_1,Right Back Kick
Right Back Kick_16_2,Right Back Kick
Right Back Kick_16_3,Right Back Kick
Right Back Kick_16_4,Right Back Kick
Right Back Kick_16_5,Right Back Kick
Right Back Kick_17_0,Right Back Kick
Right Back Kick_17_1,Right Back Kick
Right Back Kick_17_2,Right Back Kick
Right Back Kick_17_3,Right Back Kick
Right Back Kick_17_4,Right Back Kick
Right Back Kick_18_0,Right Back Kick
Right Back Kick_18_1,Right Back Kick
Right Back Kick_18_2,Right Back Kick
Right Back Kick_18_3,Right Back Kick
Right Back Kick_18_4,Right Back Kick
Right Back Kick_19_0,Right Back Kick
Right Back Kick_19_1,Right Back Kick
Right Back Kick_20_0,Right Back Kick
Right Back Kick_20_1,Right Back Kick
Right Back Kick_20_2,Right Back Kick
Right Back Kick_20_3,Right Back Kick
Left Roundhouse Kick_1_0,Left Roundhouse Kick
Left Roundhouse Kick_1_1,Left Roundhouse Kick
Left Roundhouse Kick_1_2,Left Roundhouse Kick
Left Roundhouse Kick_1_3,Left Roundhouse Kick
Left Roundhouse Kick_1_4,Left Roundhouse Kick
Left Roundhouse Kick_1_5,Left Roundhouse Kick
Left Roundhouse Kick_2_0,Left Roundhouse Kick
Left Roundhouse Kick_2_1,Left Roundhouse Kick
Left Roundhouse Kick_2_2,Left Roundhouse Kick
Left Roundhouse Kick_2_3,Left Roundhouse Kick
Left Roundhouse Kick_2_4,Left Roundhouse Kick
Left Roundhouse Kick_2_5,Left Roundhouse Kick
Left Roundhouse Kick_3_0,Left Roundhouse Kick
Left Roundhouse Kick_3_1,Left Roundhouse Kick
Left Roundhouse Kick_3_2,Left Roundhouse Kick
Left Roundhouse Kick_3_3,Left Roundhouse Kick
Left Roundhouse Kick_3_4,Left Roundhouse Kick
Left Roundhouse Kick_3_5,Left Roundhouse Kick
Left Roundhouse Kick_4_0,Left Roundhouse Kick
Left Roundhouse Kick_4_1,Left Roundhouse Kick
Left Roundhouse Kick_4_2,Left Roundhouse Kick
Left Roundhouse Kick_4_3,Left Roundhouse Kick
Left Roundhouse Kick_4_4,Left Roundhouse Kick
Left Roundhouse Kick_4_5,Left Roundhouse Kick
Left Roundhouse Kick_5_0,Left Roundhouse Kick
Left Roundhouse Kick_5_1,Left Roundhouse Kick
Left Roundhouse Kick_5_2,Left Roundhouse Kick
Left Roundhouse Kick_5_3,Left Roundhouse Kick
Left Roundhouse Kick_5_4,Left Roundhouse Kick
Left Roundhouse Kick_5_5,Left Roundhouse Kick
Left Roundhouse Kick_6_0,Left Roundhouse Kick
Left Roundhouse Kick_6_1,Left Roundhouse Kick
Left Roundhouse Kick_6_2,Left Roundhouse Kick
Left Roundhouse Kick_6_3,Left Roundhouse Kick
Left Roundhouse Kick_7_0,Left Roundhouse Kick
Left Roundhouse Kick_7_1,Left Roundhouse Kick
Left Roundhouse Kick_7_2,Left Roundhouse Kick
Left Roundhouse Kick_7_3,Left Roundhouse Kick
Left Roundhouse Kick_8_0,Left Roundhouse Kick
Left Roundhouse Kick_8_1,Left Roundhouse Kick
Left Roundhouse Kick_8_2,Left Roundhouse Kick
Left Roundhouse Kick_8_3,Left Roundhouse Kick
Left Roundhouse Kick_9_0,Left Roundhouse Kick
Left Roundhouse Kick_9_1,Left Roundhouse Kick
Left Roundhouse Kick_9_2,Left Roundhouse Kick
Left Roundhouse Kick_9_3,Left Roundhouse Kick
Left Roundhouse Kick_10_0,Left Roundhouse Kick
Left Roundhouse Kick_10_1,Left Roundhouse Kick
Left Roundhouse Kick_10_2,Left Roundhouse Kick
Left Roundhouse Kick_10_3,Left Roundhouse Kick
Left Roundhouse Kick_10_4,Left Roundhouse Kick
Left Roundhouse Kick_11_0,Left Roundhouse Kick
Left Roundhouse Kick_11_1,Left Roundhouse Kick
Left Roundhouse Kick_11_2,Left Roundhouse Kick
Left Roundhouse Kick_11_3,Left Roundhouse Kick
Left Roundhouse Kick_11_4,Left Roundhouse Kick
Left Roundhouse Kick_11_5,Left Roundhouse Kick
Left Roundhouse Kick_12_0,Left Roundhouse Kick
Left Roundhouse Kick_12_1,Left Roundhouse Kick
Left Roundhouse Kick_12_2,Left Roundhouse Kick
Left Roundhouse Kick_12_3,Left Roundhouse Kick
Left Roundhouse Kick_12_4,Left Roundhouse Kick
Left Roundhouse Kick_13_0,Left Roundhouse Kick
Left Roundhouse Kick_13_1,Left Roundhouse Kick
Left Roundhouse Kick_13_2,Left Roundhouse Kick
Left Roundhouse Kick_13_3,Left Roundhouse Kick
Left Roundhouse Kick_13_4,Left Roundhouse Kick
Left Roundhouse Kick_13_5,Left Roundhouse Kick
Left Roundhouse Kick_14_0,Left Roundhouse Kick
Left Roundhouse Kick_14_1,Left Roundhouse Kick
Left Roundhouse Kick_14_2,Left Roundhouse Kick
Left Roundhouse Kick_14_3,Left Roundhouse Kick
Left Roundhouse Kick_14_4,Left Roundhouse Kick
Left Roundhouse Kick_15_0,Left Roundhouse Kick
Left Roundhouse Kick_15_1,Left Roundhouse Kick
Left Roundhouse Kick_15_2,Left Roundhouse Kick
Left Roundhouse Kick_15_3,Left Roundhouse Kick
Left Roundhouse Kick_15_4,Left Roundhouse Kick
Left Roundhouse Kick_15_5,Left Roundhouse Kick
Left Roundhouse Kick_16_0,Left Roundhouse Kick
Left Roundhouse Kick_16_1,Left Roundhouse Kick
Left Roundhouse Kick_16_2,Left Roundhouse Kick
Left Roundhouse Kick_16_3,Left Roundhouse Kick
Left Roundhouse Kick_16_4,Left Roundhouse Kick
Left Roundhouse Kick_16_5,Left Roundhouse Kick
Left Roundhouse Kick_17_0,Left Roundhouse Kick
Left Roundhouse Kick_17_1,Left Roundhouse Kick
Left Roundhouse Kick_17_2,Left Roundhouse Kick
Left Roundhouse Kick_17_3,Left Roundhouse Kick
Left Roundhouse Kick_17_4,Left Roundhouse Kick
Left Roundhouse Kick_18_0,Left Roundhouse Kick
Left Roundhouse Kick_18_1,Left Roundhouse Kick
Left Roundhouse Kick_18_2,Left Roundhouse Kick
Left Roundhouse Kick_18_3,Left Roundhouse Kick
Left Roundhouse Kick_18_4,Left Roundhouse Kick
Left Roundhouse Kick_19_0,Left Roundhouse Kick
Left Roundhouse Kick_19_1,Left Roundhouse Kick
Left Roundhouse Kick_19_2,Left Roundhouse Kick
Left Roundhouse Kick_19_3,Left Roundhouse Kick
Left Roundhouse Kick_19_4,Left Roundhouse Kick
Left Roundhouse Kick_19_5,Left Roundhouse Kick
Left Roundhouse Kick_20_0,Left Roundhouse Kick
Right Roundhouse Kick_1_0,Right Roundhouse Kick
Right Roundhouse Kick_1_1,Right Roundhouse Kick
Right Roundhouse Kick_1_2,Right Roundhouse Kick
Right Roundhouse Kick_1_3,Right Roundhouse Kick
Right Roundhouse Kick_1_4,Right Roundhouse Kick
Right Roundhouse Kick_1_5,Right Roundhouse Kick
Right Roundhouse Kick_1_6,Right Roundhouse Kick
Right Roundhouse Kick_1_7,Right Roundhouse Kick
Right Roundhouse Kick_1_8,Right Roundhouse Kick
Right Roundhouse Kick_2_0,Right Roundhouse Kick
Right Roundhouse Kick_2_1,Right Roundhouse Kick
Right Roundhouse Kick_2_2,Right Roundhouse Kick
Right Roundhouse Kick_3_0,Right Roundhouse Kick
Right Roundhouse Kick_3_1,Right Roundhouse Kick
Right Roundhouse Kick_3_2,Right Roundhouse Kick
Right Roundhouse Kick_3_3,Right Roundhouse Kick
Right Roundhouse Kick_3_4,Right Roundhouse Kick
Right Roundhouse Kick_3_5,Right Roundhouse Kick
Right Roundhouse Kick_4_0,Right Roundhouse Kick
Right Roundhouse Kick_4_1,Right Roundhouse Kick
Right Roundhouse Kick_4_2,Right Roundhouse Kick
Right Roundhouse Kick_4_3,Right Roundhouse Kick
Right Roundhouse Kick_4_4,Right Roundhouse Kick
Right Roundhouse Kick_5_0,Right Roundhouse Kick
Right Roundhouse Kick_5_1,Right Roundhouse Kick
Right Roundhouse Kick_5_2,Right Roundhouse Kick
Right Roundhouse Kick_5_3,Right Roundhouse Kick
Right Roundhouse Kick_5_4,Right Roundhouse Kick
Right Roundhouse Kick_5_5,Right Roundhouse Kick
Right Roundhouse Kick_6_0,Right Roundhouse Kick
Right Roundhouse Kick_6_1,Right Roundhouse Kick
Right Roundhouse Kick_6_2,Right Roundhouse Kick
Right Roundhouse Kick_6_3,Right Roundhouse Kick
Right Roundhouse Kick_7_0,Right Roundhouse Kick
Right Roundhouse Kick_7_1,Right Roundhouse Kick
Right Roundhouse Kick_7_2,Right Roundhouse Kick
Right Roundhouse Kick_7_3,Right Roundhouse Kick
Right Roundhouse Kick_7_4,Right Roundhouse Kick
Right Roundhouse Kick_7_5,Right Roundhouse Kick
Right Roundhouse Kick_8_0,Right Roundhouse Kick
Right Roundhouse Kick_8_1,Right Roundhouse Kick
Right Roundhouse Kick_8_2,Right Roundhouse Kick
Right Roundhouse Kick_8_3,Right Roundhouse Kick
Right Roundhouse Kick_8_4,Right Roundhouse Kick
Right Roundhouse Kick_9_0,Right Roundhouse Kick
Right Roundhouse Kick_9_1,Right Roundhouse Kick
Right Roundhouse Kick_9_2,Right Roundhouse Kick
Right Roundhouse Kick_9_3,Right Roundhouse Kick
Right Roundhouse Kick_9_4,Right Roundhouse Kick
Right Roundhouse Kick_10_0,Right Roundhouse Kick
Right Roundhouse Kick_10_1,Right Roundhouse Kick
Right Roundhouse Kick_10_2,Right Roundhouse Kick
Right Roundhouse Kick_10_3,Right Roundhouse Kick
Right Roundhouse Kick_10_4,Right Roundhouse Kick
Right Roundhouse Kick_11_0,Right Roundhouse Kick
Right Roundhouse Kick_11_1,Right Roundhouse Kick
Right Roundhouse Kick_11_2,Right Roundhouse Kick
Right Roundhouse Kick_11_3,Right Roundhouse Kick
Right Roundhouse Kick_12_0,Right Roundhouse Kick
Right Roundhouse Kick_12_1,Right Roundhouse Kick
Right Roundhouse Kick_12_2,Right Roundhouse Kick
Right Roundhouse Kick_12_3,Right Roundhouse Kick
Right Roundhouse Kick_12_4,Right Roundhouse Kick
Right Roundhouse Kick_13_0,Right Roundhouse Kick
Right Roundhouse Kick_13_1,Right Roundhouse Kick
Right Roundhouse Kick_13_2,Right Roundhouse Kick
Right Roundhouse Kick_13_3,Right Roundhouse Kick
Right Roundhouse Kick_13_4,Right Roundhouse Kick
Right Roundhouse Kick_13_5,Right Roundhouse Kick
Right Roundhouse Kick_14_0,Right Roundhouse Kick
Right Roundhouse Kick_14_1,Right Roundhouse Kick
Right Roundhouse Kick_14_2,Right Roundhouse Kick
Right Roundhouse Kick_14_3,Right Roundhouse Kick
Right Roundhouse Kick_14_4,Right Roundhouse Kick
Right Roundhouse Kick_15_0,Right Roundhouse Kick
Right Roundhouse Kick_15_1,Right Roundhouse Kick
Right Roundhouse Kick_15_2,Right Roundhouse Kick
Right Roundhouse Kick_15_3,Right Roundhouse Kick
Right Roundhouse Kick_15_4,Right Roundhouse Kick
Right Roundhouse Kick_16_0,Right Roundhouse Kick
Right Roundhouse Kick_16_1,Right Roundhouse Kick
Right Roundhouse Kick_16_2,Right Roundhouse Kick
Right Roundhouse Kick_16_3,Right Roundhouse Kick
Right Roundhouse Kick_16_4,Right Roundhouse Kick
Right Roundhouse Kick_17_0,Right Roundhouse Kick
Right Roundhouse Kick_17_1,Right Roundhouse Kick
Right Roundhouse Kick_17_2,Right Roundhouse Kick
Right Roundhouse Kick_17_3,Right Roundhouse Kick
Right Roundhouse Kick_17_4,Right Roundhouse Kick
Right Roundhouse Kick_18_0,Right Roundhouse Kick
Right Roundhouse Kick_18_1,Right Roundhouse Kick
Right Roundhouse Kick_18_2,Right Roundhouse Kick
Right Roundhouse Kick_18_3,Right Roundhouse Kick
Right Roundhouse Kick_18_4,Right Roundhouse Kick
Right Roundhouse Kick_19_0,Right Roundhouse Kick
Right Roundhouse Kick_20_0,Right Roundhouse Kick
Right Roundhouse Kick_20_1,Right Roundhouse Kick
Right Roundhouse Kick_20_2,Right Roundhouse Kick
Right Roundhouse Kick_20_3,Right Roundhouse Kick
Right Roundhouse Kick_20_4,Right Roundhouse Kick
Left Side Kick_1_0,Left Side Kick
Left Side Kick_1_1,Left Side Kick
Left Side Kick_1_2,Left Side Kick
Left Side Kick_1_3,Left Side Kick
Left Side Kick_1_4,Left Side Kick
Left Side Kick_1_5,Left Side Kick
Left Side Kick_1_6,Left Side Kick
Left Side Kick_1_7,Left Side Kick
Left Side Kick_1_8,Left Side Kick
Left Side Kick_1_9,Left Side Kick
Left Side Kick_2_0,Left Side Kick
Left Side Kick_2_1,Left Side Kick
Left Side Kick_2_2,Left Side Kick
Left Side Kick_2_3,Left Side Kick
Left Side Kick_2_4,Left Side Kick
Left Side Kick_3_0,Left Side Kick
Left Side Kick_3_1,Left Side Kick
Left Side Kick_3_2,Left Side Kick
Left Side Kick_3_3,Left Side Kick
Left Side Kick_4_0,Left Side Kick
Left Side Kick_4_1,Left Side Kick
Left Side Kick_4_2,Left Side Kick
Left Side Kick_4_3,Left Side Kick
Left Side Kick_4_4,Left Side Kick
Left Side Kick_5_0,Left Side Kick
Left Side Kick_5_1,Left Side Kick
Left Side Kick_5_2,Left Side Kick
Left Side Kick_5_3,Left Side Kick
Left Side Kick_5_4,Left Side Kick
Left Side Kick_6_0,Left Side Kick
Left Side Kick_6_1,Left Side Kick
Left Side Kick_6_2,Left Side Kick
Left Side Kick_6_3,Left Side Kick
Left Side Kick_6_4,Left Side Kick
Left Side Kick_7_0,Left Side Kick
Left Side Kick_7_1,Left Side Kick
Left Side Kick_7_2,Left Side Kick
Left Side Kick_7_3,Left Side Kick
Left Side Kick_8_0,Left Side Kick
Left Side Kick_8_1,Left Side Kick
Left Side Kick_8_2,Left Side Kick
Left Side Kick_8_3,Left Side Kick
Left Side Kick_9_0,Left Side Kick
Left Side Kick_9_1,Left Side Kick
Left Side Kick_9_2,Left Side Kick
Left Side Kick_9_3,Left Side Kick
Left Side Kick_9_4,Left Side Kick
Left Side Kick_10_0,Left Side Kick
Left Side Kick_10_1,Left Side Kick
Left Side Kick_10_2,Left Side Kick
Left Side Kick_10_3,Left Side Kick
Left Side Kick_11_0,Left Side Kick
Left Side Kick_11_1,Left Side Kick
Left Side Kick_11_2,Left Side Kick
Left Side Kick_11_3,Left Side Kick
Left Side Kick_11_4,Left Side Kick
Left Side Kick_11_5,Left Side Kick
Left Side Kick_12_0,Left Side Kick
Left Side Kick_12_1,Left Side Kick
Left Side Kick_12_2,Left Side Kick
Left Side Kick_12_3,Left Side Kick
Left Side Kick_12_4,Left Side Kick
Left Side Kick_13_0,Left Side Kick
Left Side Kick_13_1,Left Side Kick
Left Side Kick_13_2,Left Side Kick
Left Side Kick_13_3,Left Side Kick
Left Side Kick_13_4,Left Side Kick
Left Side Kick_13_5,Left Side Kick
Left Side Kick_14_0,Left Side Kick
Left Side Kick_14_1,Left Side Kick
Left Side Kick_14_2,Left Side Kick
Left Side Kick_14_3,Left Side Kick
Left Side Kick_14_4,Left Side Kick
Left Side Kick_15_0,Left Side Kick
Left Side Kick_15_1,Left Side Kick
Left Side Kick_15_2,Left Side Kick
Left Side Kick_15_3,Left Side Kick
Left Side Kick_15_4,Left Side Kick
Left Side Kick_16_0,Left Side Kick
Left Side Kick_16_1,Left Side Kick
Left Side Kick_16_2,Left Side Kick
Left Side Kick_16_3,Left Side Kick
Left Side Kick_16_4,Left Side Kick
Left Side Kick_16_5,Left Side Kick
Left Side Kick_17_0,Left Side Kick
Left Side Kick_17_1,Left Side Kick
Left Side Kick_17_2,Left Side Kick
Left Side Kick_17_3,Left Side Kick
Left Side Kick_17_4,Left Side Kick
Left Side Kick_18_0,Left Side Kick
Left Side Kick_18_1,Left Side Kick
Left Side Kick_18_2,Left Side Kick
Left Side Kick_18_3,Left Side Kick
Left Side Kick_18_4,Left Side Kick
Left Side Kick_19_0,Left Side Kick
Left Side Kick_19_1,Left Side Kick
Left Side Kick_19_2,Left Side Kick
Left Side Kick_19_3,Left Side Kick
Left Side Kick_20_0,Left Side Kick
Right Side Kick_1_0,Right Side Kick
Right Side Kick_1_1,Right Side Kick
Right Side Kick_1_2,Right Side Kick
Right Side Kick_1_3,Right Side Kick
Right Side Kick_1_4,Right Side Kick
Right Side Kick_1_5,Right Side Kick
Right Side Kick_1_6,Right Side Kick
Right Side Kick_1_7,Right Side Kick
Right Side Kick_1_8,Right Side Kick
Right Side Kick_2_0,Right Side Kick
Right Side Kick_2_1,Right Side Kick
Right Side Kick_2_2,Right Side Kick
Right Side Kick_3_0,Right Side Kick
Right Side Kick_3_1,Right Side Kick
Right Side Kick_3_2,Right Side Kick
Right Side Kick_3_3,Right Side Kick
Right Side Kick_3_4,Right Side Kick
Right Side Kick_3_5,Right Side Kick
Right Side Kick_3_6,Right Side Kick
Right Side Kick_4_0,Right Side Kick
Right Side Kick_4_1,Right Side Kick
Right Side Kick_4_2,Right Side Kick
Right Side Kick_4_3,Right Side Kick
Right Side Kick_4_4,Right Side Kick
Right Side Kick_5_0,Right Side Kick
Right Side Kick_5_1,Right Side Kick
Right Side Kick_5_2,Right Side Kick
Right Side Kick_6_0,Right Side Kick
Right Side Kick_6_1,Right Side Kick
Right Side Kick_6_2,Right Side Kick
Right Side Kick_6_3,Right Side Kick
Right Side Kick_6_4,Right Side Kick
Right Side Kick_6_5,Right Side Kick
Right Side Kick_7_0,Right Side Kick
Right Side Kick_7_1,Right Side Kick
Right Side Kick_7_2,Right Side Kick
Right Side Kick_7_3,Right Side Kick
Right Side Kick_7_4,Right Side Kick
Right Side Kick_8_0,Right Side Kick
Right Side Kick_8_1,Right Side Kick
Right Side Kick_8_2,Right Side Kick
Right Side Kick_8_3,Right Side Kick
Right Side Kick_8_4,Right Side Kick
Right Side Kick_8_5,Right Side Kick
Right Side Kick_9_0,Right Side Kick
Right Side Kick_9_1,Right Side Kick
Right Side Kick_9_2,Right Side Kick
Right Side Kick_9_3,Right Side Kick
Right Side Kick_10_0,Right Side Kick
Right Side Kick_10_1,Right Side Kick
Right Side Kick_10_2,Right Side Kick
Right Side Kick_10_3,Right Side Kick
Right Side Kick_10_4,Right Side Kick
Right Side Kick_11_0,Right Side Kick
Right Side Kick_11_1,Right Side Kick
Right Side Kick_11_2,Right Side Kick
Right Side Kick_11_3,Right Side Kick
Right Side Kick_11_4,Right Side Kick
Right Side Kick_12_0,Right Side Kick
Right Side Kick_12_1,Right Side Kick
Right Side Kick_12_2,Right Side Kick
Right Side Kick_12_3,Right Side Kick
Right Side Kick_12_4,Right Side Kick
Right Side Kick_13_0,Right Side Kick
Right Side Kick_13_1,Right Side Kick
Right Side Kick_13_2,Right Side Kick
Right Side Kick_13_3,Right Side Kick
Right Side Kick_13_4,Right Side Kick
Right Side Kick_13_5,Right Side Kick
Right Side Kick_14_0,Right Side Kick
Right Side Kick_14_1,Right Side Kick
Right Side Kick_14_2,Right Side Kick
Right Side Kick_14_3,Right Side Kick
Right Side Kick_14_4,Right Side Kick
Right Side Kick_15_0,Right Side Kick
Right Side Kick_15_1,Right Side Kick
Right Side Kick_15_2,Right Side Kick
Right Side Kick_15_3,Right Side Kick
Right Side Kick_15_4,Right Side Kick
Right Side Kick_15_5,Right Side Kick
Right Side Kick_16_0,Right Side Kick
Right Side Kick_16_1,Right Side Kick
Right Side Kick_16_2,Right Side Kick
Right Side Kick_16_3,Right Side Kick
Right Side Kick_16_4,Right Side Kick
Right Side Kick_16_5,Right Side Kick
Right Side Kick_17_0,Right Side Kick
Right Side Kick_17_1,Right Side Kick
Right Side Kick_17_2,Right Side Kick
Right Side Kick_17_3,Right Side Kick
Right Side Kick_17_4,Right Side Kick
Right Side Kick_18_0,Right Side Kick
Right Side Kick_18_1,Right Side Kick
Right Side Kick_18_2,Right Side Kick
Right Side Kick_18_3,Right Side Kick
Right Side Kick_18_4,Right Side Kick
Right Side Kick_19_0,Right Side Kick
Right Side Kick_19_1,Right Side Kick
Right Side Kick_20_0,Right Side Kick
Right Side Kick_20_1,Right Side Kick
Right Side Kick_20_2,Right Side Kick
