subject_id,punch_id,age,sex,height_cm,weight_kg,bmi,training_years,belt_rank,background
kick_1,NA,NA,NA,NA,NA,NA,NA,NA,NA
kick_2,NA,NA,NA,NA,NA,NA,NA,NA,NA
kick_3,NA,NA,NA,NA,NA,NA,NA,NA,NA
kick_4,NA,NA,NA,NA,NA,NA,NA,NA,NA
kick_5,NA,NA,NA,NA,NA,NA,NA,NA,NA
kick_6,NA,NA,NA,NA,NA,NA,NA,NA,NA
kick_7,NA,NA,NA,NA,NA,NA,NA,NA,NA
kick_8,NA,NA,NA,NA,NA,NA,NA,NA,NA
kick_9,NA,NA,NA,NA,NA,NA,NA,NA,NA
kick_10,NA,NA,NA,NA,NA,NA,NA,NA,NA
kick_11,NA,NA,NA,NA,NA,NA,NA,NA,NA
kick_12,NA,NA,NA,NA,NA,NA,NA,NA,NA
kick_13,NA,NA,NA,NA,NA,NA,NA,NA,NA
kick_14,NA,NA,NA,NA,NA,NA,NA,NA,NA
kick_15,NA,NA,NA,NA,NA,NA,NA,NA,NA
kick_16,NA,NA,NA,NA,NA,NA,NA,NA,NA
kick_17,NA,NA,NA,NA,NA,NA,NA,NA,NA
kick_18,NA,NA,NA,NA,NA,NA,NA,NA,NA
kick_19,NA,NA,NA,NA,NA,NA,NA,NA,NA
kick_20,NA,NA,NA,NA,NA,NA,NA,NA,NA
